{"cameraMode":{"drawMode":0,"name":"Shaded","section":"Shading Mode"},"sceneLighting":false,"audioPlay":false,"sceneViewState":{"showFog":true,"showMaterialUpdate":false,"showSkybox":false,"showFlares":true,"showImageEffects":true,"showParticleSystems":true},"in2DMode":false,"pivot":{"x":-0.19937506318092347,"y":-16.346860885620118,"z":49.89374923706055},"rotation":{"x":0.061264768242836,"y":0.5447199940681458,"z":-0.03994208201766014,"w":0.8354259133338928},"size":175.54388427734376,"orthographic":false}