{"cameraMode":{"drawMode":0,"name":"Shaded","section":"Shading Mode"},"sceneLighting":false,"audioPlay":false,"sceneViewState":{"showFog":true,"showMaterialUpdate":false,"showSkybox":false,"showFlares":true,"showImageEffects":true,"showParticleSystems":true},"in2DMode":false,"pivot":{"x":-0.41800007224082949,"y":0.34986215829849245,"z":0.01699995994567871},"rotation":{"x":-0.05731171369552612,"y":-0.8570201992988586,"z":0.09767165035009384,"w":-0.5027241706848145},"size":3.2694714069366457,"orthographic":false}